x coord,y coord,quality,x mm,y mm,x%,y%,image_name,plate
*47,51,1.0,-33.96154589371981,33.43202898550725,-0.7547010198604401,0.7429339774557167,dummy.tif,1, 1 mm to right, 0.5 mm down
*396,390,0.71875,34.05130434782609,-32.632028985507255,0.7566956521739131,-0.725156199677939,dummy.tif,1, 0.5 mm right, 0.5 mm down
*253,190,0.6875,6.183574879227054,6.3438164251207745,0.13741277509393454,0.14097369833601722,dummy.tif,1, 0.5 mm right, 0 mm down
*50,395,0.625,-33.37690821256039,-33.606425120772954,-0.7417090713902308,-0.7468094471282879,dummy.tif,1