,x coord,y coord,quality,x mm,y mm,x%,y%
0,963,88,0.8541666666666671,43.652479838709674,27.371834677419354,0.7359433505641014,0.666548999815399
1,133,593,0.7678571428571433,-40.803366935483865,-24.013951612903224,-0.687909751925885,-0.5847790481651827
3,471,500,0.6964285714285717,-6.410504032258064,-14.550826612903224,-0.10807559693598692,-0.3543364571509369
5,173,142,0.5624999999999999,-36.733205645161284,21.87711693548387,-0.6192903252998615,0.5327436243877723
